{"cameraMode":{"drawMode":0,"name":"Shaded","section":"Shading Mode"},"sceneLighting":false,"audioPlay":false,"sceneViewState":{"showFog":true,"showMaterialUpdate":true,"showSkybox":true,"showFlares":true,"showImageEffects":true,"showParticleSystems":true},"in2DMode":false,"pivot":{"x":0.12085187435150147,"y":0.03880275785923004,"z":-0.14055494964122773},"rotation":{"x":0.015306944958865643,"y":-0.01800159551203251,"z":0.00027562433388084173,"w":0.9997208118438721},"size":3.808880090713501,"orthographic":false}