{"cameraMode":{"drawMode":0,"name":"Shaded","section":"Shading Mode"},"sceneLighting":false,"audioPlay":false,"sceneViewState":{"showFog":true,"showMaterialUpdate":true,"showSkybox":true,"showFlares":true,"showImageEffects":true,"showParticleSystems":true},"in2DMode":false,"pivot":{"x":114.21760559082031,"y":-25.839641571044923,"z":11.811653137207032},"rotation":{"x":0.021307848393917085,"y":0.017987942323088647,"z":-0.0003837334515992552,"w":0.9996110796928406},"size":41.33939743041992,"orthographic":false}