{"cameraMode":{"drawMode":0,"name":"Shaded","section":"Shading Mode"},"sceneLighting":false,"audioPlay":false,"sceneViewState":{"showFog":true,"showMaterialUpdate":true,"showSkybox":true,"showFlares":true,"showImageEffects":true,"showParticleSystems":true},"in2DMode":false,"pivot":{"x":-7.953888416290283,"y":-6.947602272033691,"z":3.8542585372924806},"rotation":{"x":0.08554232865571976,"y":-0.06123998388648033,"z":0.005267901346087456,"w":0.9944367408752441},"size":15.01766586303711,"orthographic":false}