{"cameraMode":{"drawMode":0,"name":"Shaded","section":"Shading Mode"},"sceneLighting":false,"audioPlay":false,"sceneViewState":{"showFog":true,"showMaterialUpdate":true,"showSkybox":true,"showFlares":true,"showImageEffects":true,"showParticleSystems":true},"in2DMode":false,"pivot":{"x":-0.027742624282836915,"y":0.030771855264902116,"z":-0.16025105118751527},"rotation":{"x":0.0901804268360138,"y":0.011945875361561776,"z":-0.0010817886795848609,"w":0.9958531856536865},"size":4.2332940101623539,"orthographic":false}