{"cameraMode":{"drawMode":0,"name":"Shaded","section":"Shading Mode"},"sceneLighting":true,"audioPlay":false,"sceneViewState":{"showFog":true,"showMaterialUpdate":true,"showSkybox":true,"showFlares":true,"showImageEffects":true,"showParticleSystems":true},"in2DMode":false,"pivot":{"x":82.85619354248047,"y":-6.822934150695801,"z":1.770353078842163},"rotation":{"x":0.0901804268360138,"y":0.011945875361561776,"z":-0.0010817886795848609,"w":0.9958531856536865},"size":13.738685607910157,"orthographic":false}