{"cameraMode":{"drawMode":0,"name":"Shaded","section":"Shading Mode"},"sceneLighting":false,"audioPlay":false,"sceneViewState":{"showFog":true,"showMaterialUpdate":true,"showSkybox":true,"showFlares":true,"showImageEffects":true,"showParticleSystems":true},"in2DMode":false,"pivot":{"x":-2.579944372177124,"y":-6.230510234832764,"z":0.3119298219680786},"rotation":{"x":0.14677688479423524,"y":-0.0029721111059188844,"z":0.00044102815445512533,"w":0.9891650676727295},"size":11.874543190002442,"orthographic":false}