{"cameraMode":{"drawMode":0,"name":"Shaded","section":"Shading Mode"},"sceneLighting":false,"audioPlay":false,"sceneViewState":{"showFog":true,"showMaterialUpdate":true,"showSkybox":true,"showFlares":true,"showImageEffects":true,"showParticleSystems":true},"in2DMode":false,"pivot":{"x":-0.04963064193725586,"y":0.8501007556915283,"z":-0.15000003576278687},"rotation":{"x":0.015306944958865643,"y":-0.01800159551203251,"z":0.00027562433388084173,"w":0.9997208118438721},"size":5.37994384765625,"orthographic":false}