{"cameraMode":{"drawMode":0,"name":"Shaded","section":"Shading Mode"},"sceneLighting":false,"audioPlay":false,"sceneViewState":{"showFog":true,"showMaterialUpdate":true,"showSkybox":true,"showFlares":true,"showImageEffects":true,"showParticleSystems":true},"in2DMode":false,"pivot":{"x":273.49005126953127,"y":13.774300575256348,"z":-45.941646575927737},"rotation":{"x":0.0901804268360138,"y":0.011945875361561776,"z":-0.0010817886795848609,"w":0.9958531856536865},"size":1258.16259765625,"orthographic":false}