{"cameraMode":{"drawMode":0,"name":"Shaded","section":"Shading Mode"},"sceneLighting":false,"audioPlay":false,"sceneViewState":{"showFog":true,"showMaterialUpdate":true,"showSkybox":true,"showFlares":true,"showImageEffects":true,"showParticleSystems":true},"in2DMode":false,"pivot":{"x":0.15974123775959016,"y":0.4829476475715637,"z":0.1641402542591095},"rotation":{"x":0.1004297286272049,"y":0.06412314623594284,"z":-0.006486234255135059,"w":0.9928544759750366},"size":3.43113374710083,"orthographic":false}