{"cameraMode":{"drawMode":0,"name":"Shaded","section":"Shading Mode"},"sceneLighting":false,"audioPlay":false,"sceneViewState":{"showFog":true,"showMaterialUpdate":true,"showSkybox":true,"showFlares":true,"showImageEffects":true,"showParticleSystems":true},"in2DMode":false,"pivot":{"x":0.33478328585624697,"y":0.5370105504989624,"z":0.7041939496994019},"rotation":{"x":0.08117176592350006,"y":0.03437431901693344,"z":-0.0028011573012918236,"w":0.9961032867431641},"size":4.224340438842773,"orthographic":false}