{"cameraMode":{"drawMode":0,"name":"Shaded","section":"Shading Mode"},"sceneLighting":false,"audioPlay":false,"sceneViewState":{"showFog":true,"showMaterialUpdate":true,"showSkybox":true,"showFlares":true,"showImageEffects":true,"showParticleSystems":true},"in2DMode":false,"pivot":{"x":15.144248962402344,"y":-8.48430061340332,"z":2.4035801887512209},"rotation":{"x":0.07972496747970581,"y":-0.000004846501724387053,"z":3.7606562841574489e-7,"w":0.9968169331550598},"size":16.712608337402345,"orthographic":false}